{
  "UC01_PRE_REGISTR_USER" : {
    "transaction" : "UC01_PRE_REGISTR_USER",
    "sampleCount" : 2500,
    "errorCount" : 0,
    "errorPct" : 0.0,
    "meanResTime" : 66.49360000000001,
    "medianResTime" : 61.0,
    "minResTime" : 57.0,
    "maxResTime" : 201.0,
    "pct1ResTime" : 73.0,
    "pct2ResTime" : 83.0,
    "pct3ResTime" : 168.98999999999978,
    "throughput" : 5.030181086519114,
    "receivedKBytesPerSec" : 2.4856168259557343,
    "sentKBytesPerSec" : 4.032986984406438
  },
  "UC01_REGISTR_USER" : {
    "transaction" : "UC01_REGISTR_USER",
    "sampleCount" : 2085,
    "errorCount" : 0,
    "errorPct" : 0.0,
    "meanResTime" : 268.1520383693044,
    "medianResTime" : 254.0,
    "minResTime" : 0.0,
    "maxResTime" : 2008.0,
    "pct1ResTime" : 333.0,
    "pct2ResTime" : 355.0,
    "pct3ResTime" : 432.0,
    "throughput" : 1.9306091835884331,
    "receivedKBytesPerSec" : 0.95216222730724,
    "sentKBytesPerSec" : 1.5449114399589803
  },
  "UC01_POST_DELETE_BY_ID" : {
    "transaction" : "UC01_POST_DELETE_BY_ID",
    "sampleCount" : 4581,
    "errorCount" : 0,
    "errorPct" : 0.0,
    "meanResTime" : 66.21982099978194,
    "medianResTime" : 61.0,
    "minResTime" : 57.0,
    "maxResTime" : 211.0,
    "pct1ResTime" : 71.0,
    "pct2ResTime" : 82.0,
    "pct3ResTime" : 168.0,
    "throughput" : 5.011240011157967,
    "receivedKBytesPerSec" : 2.4517883257716226,
    "sentKBytesPerSec" : 2.994998912918629
  },
  "PRE HTTP CREATE USER" : {
    "transaction" : "PRE HTTP CREATE USER",
    "sampleCount" : 2500,
    "errorCount" : 0,
    "errorPct" : 0.0,
    "meanResTime" : 66.49360000000001,
    "medianResTime" : 61.0,
    "minResTime" : 57.0,
    "maxResTime" : 201.0,
    "pct1ResTime" : 73.0,
    "pct2ResTime" : 83.0,
    "pct3ResTime" : 168.98999999999978,
    "throughput" : 5.010642604892793,
    "receivedKBytesPerSec" : 2.4759620684333523,
    "sentKBytesPerSec" : 4.017321854118147
  },
  "MAIN HTTP GET BY EMAIL" : {
    "transaction" : "MAIN HTTP GET BY EMAIL",
    "sampleCount" : 7263,
    "errorCount" : 0,
    "errorPct" : 0.0,
    "meanResTime" : 257.94589012804613,
    "medianResTime" : 243.0,
    "minResTime" : 55.0,
    "maxResTime" : 1278.0,
    "pct1ResTime" : 322.0,
    "pct2ResTime" : 344.0,
    "pct3ResTime" : 419.0,
    "throughput" : 6.41306382512812,
    "receivedKBytesPerSec" : 2.649146482450386,
    "sentKBytesPerSec" : 3.8891724955122684
  },
  "POST HTTP LOGIN" : {
    "transaction" : "POST HTTP LOGIN",
    "sampleCount" : 12,
    "errorCount" : 0,
    "errorPct" : 0.0,
    "meanResTime" : 217.83333333333331,
    "medianResTime" : 218.5,
    "minResTime" : 208.0,
    "maxResTime" : 226.0,
    "pct1ResTime" : 225.4,
    "pct2ResTime" : 226.0,
    "pct3ResTime" : 226.0,
    "throughput" : 0.012813448996066271,
    "receivedKBytesPerSec" : 0.01368936836103174,
    "sentKBytesPerSec" : 0.003991689677485489
  },
  "POST HTTP DELETE BY ID" : {
    "transaction" : "POST HTTP DELETE BY ID",
    "sampleCount" : 4581,
    "errorCount" : 0,
    "errorPct" : 0.0,
    "meanResTime" : 66.21982099978194,
    "medianResTime" : 61.0,
    "minResTime" : 57.0,
    "maxResTime" : 211.0,
    "pct1ResTime" : 71.0,
    "pct2ResTime" : 82.0,
    "pct3ResTime" : 168.0,
    "throughput" : 5.00067134094623,
    "receivedKBytesPerSec" : 2.4466175213027945,
    "sentKBytesPerSec" : 2.9886824811123955
  },
  "PRE HTTP LOGIN" : {
    "transaction" : "PRE HTTP LOGIN",
    "sampleCount" : 10,
    "errorCount" : 0,
    "errorPct" : 0.0,
    "meanResTime" : 215.5,
    "medianResTime" : 215.0,
    "minResTime" : 205.0,
    "maxResTime" : 226.0,
    "pct1ResTime" : 225.8,
    "pct2ResTime" : 226.0,
    "pct3ResTime" : 226.0,
    "throughput" : 9.066183136899365,
    "receivedKBytesPerSec" : 9.685941749773345,
    "sentKBytesPerSec" : 2.567571396192203
  },
  "POST HTTP GET ALL" : {
    "transaction" : "POST HTTP GET ALL",
    "sampleCount" : 2,
    "errorCount" : 0,
    "errorPct" : 0.0,
    "meanResTime" : 414.0,
    "medianResTime" : 414.0,
    "minResTime" : 59.0,
    "maxResTime" : 769.0,
    "pct1ResTime" : 769.0,
    "pct2ResTime" : 769.0,
    "pct3ResTime" : 769.0,
    "throughput" : 0.0021359397494115488,
    "receivedKBytesPerSec" : 0.7602036928929808,
    "sentKBytesPerSec" : 0.0011722638077825101
  },
  "UC01_POST_GET_ALL" : {
    "transaction" : "UC01_POST_GET_ALL",
    "sampleCount" : 1,
    "errorCount" : 0,
    "errorPct" : 0.0,
    "meanResTime" : 59.0,
    "medianResTime" : 59.0,
    "minResTime" : 59.0,
    "maxResTime" : 59.0,
    "pct1ResTime" : 59.0,
    "pct2ResTime" : 59.0,
    "pct3ResTime" : 59.0,
    "throughput" : 16.949152542372882,
    "receivedKBytesPerSec" : 4.286943855932203,
    "sentKBytesPerSec" : 9.302171610169491
  },
  "Total" : {
    "transaction" : "Total",
    "sampleCount" : 20235,
    "errorCount" : 0,
    "errorPct" : 0.0,
    "meanResTime" : 280.6208549542866,
    "medianResTime" : 227.0,
    "minResTime" : 0.0,
    "maxResTime" : 2545.0,
    "pct1ResTime" : 735.0,
    "pct2ResTime" : 816.0,
    "pct3ResTime" : 929.0,
    "throughput" : 7.186074038403147,
    "receivedKBytesPerSec" : 700.417919585177,
    "sentKBytesPerSec" : 4.569827371750685
  },
  "MAIN HTTP GET ALL" : {
    "transaction" : "MAIN HTTP GET ALL",
    "sampleCount" : 3696,
    "errorCount" : 0,
    "errorPct" : 0.0,
    "meanResTime" : 743.9710497835489,
    "medianResTime" : 747.0,
    "minResTime" : 407.0,
    "maxResTime" : 2359.0,
    "pct1ResTime" : 882.3000000000002,
    "pct2ResTime" : 929.1499999999996,
    "pct3ResTime" : 1084.0899999999992,
    "throughput" : 3.2855202429293757,
    "receivedKBytesPerSec" : 1743.3630998646813,
    "sentKBytesPerSec" : 1.8031859145764737
  },
  "UC02_GET_BY_EMAIL" : {
    "transaction" : "UC02_GET_BY_EMAIL",
    "sampleCount" : 7290,
    "errorCount" : 0,
    "errorPct" : 0.0,
    "meanResTime" : 256.9905349794235,
    "medianResTime" : 243.0,
    "minResTime" : 0.0,
    "maxResTime" : 1278.0,
    "pct1ResTime" : 322.0,
    "pct2ResTime" : 343.4499999999998,
    "pct3ResTime" : 419.0,
    "throughput" : 6.436904211095139,
    "receivedKBytesPerSec" : 2.649146482450386,
    "sentKBytesPerSec" : 3.8891724955122684
  },
  "UC03_GET_ALL" : {
    "transaction" : "UC03_GET_ALL",
    "sampleCount" : 3704,
    "errorCount" : 0,
    "errorPct" : 0.0,
    "meanResTime" : 744.1271598272118,
    "medianResTime" : 746.0,
    "minResTime" : 0.0,
    "maxResTime" : 2545.0,
    "pct1ResTime" : 883.0,
    "pct2ResTime" : 931.0,
    "pct3ResTime" : 1110.4999999999982,
    "throughput" : 3.292631758606712,
    "receivedKBytesPerSec" : 1743.3630998646813,
    "sentKBytesPerSec" : 1.8031859145764737
  },
  "MAIN HTTP LOGIN" : {
    "transaction" : "MAIN HTTP LOGIN",
    "sampleCount" : 45,
    "errorCount" : 0,
    "errorPct" : 0.0,
    "meanResTime" : 232.6,
    "medianResTime" : 223.0,
    "minResTime" : 206.0,
    "maxResTime" : 348.0,
    "pct1ResTime" : 277.4,
    "pct2ResTime" : 325.5999999999999,
    "pct3ResTime" : 348.0,
    "throughput" : 0.06885334696119579,
    "receivedKBytesPerSec" : 0.07356011872612128,
    "sentKBytesPerSec" : 0.0194994830261199
  },
  "MAIN HTTP CREATE USER" : {
    "transaction" : "MAIN HTTP CREATE USER",
    "sampleCount" : 2081,
    "errorCount" : 0,
    "errorPct" : 0.0,
    "meanResTime" : 266.9927919269581,
    "medianResTime" : 254.0,
    "minResTime" : 60.0,
    "maxResTime" : 1165.0,
    "pct1ResTime" : 332.0,
    "pct2ResTime" : 354.0,
    "pct3ResTime" : 428.3599999999997,
    "throughput" : 1.926905377001213,
    "receivedKBytesPerSec" : 0.95216222730724,
    "sentKBytesPerSec" : 1.5449114399589803
  }
}